customer_id,join_date,age,gender,member_tier,region
CUST_00000,2024-02-19,56,M,Bronze,Singapore
CUST_00001,2024-07-15,46,F,Bronze,Singapore
CUST_00002,2024-06-04,32,M,Bronze,Singapore
CUST_00003,2023-04-01,60,F,Bronze,Singapore
CUST_00004,2025-12-08,25,F,Bronze,Malaysia
CUST_00005,2023-10-10,38,F,Bronze,Singapore
CUST_00006,2023-02-02,56,F,Silver,Singapore
CUST_00007,2025-01-29,36,M,Bronze,Singapore
CUST_00008,2025-11-30,40,M,Bronze,Singapore
CUST_00009,2025-01-19,28,F,Gold,Singapore
CUST_00010,2025-06-18,28,F,Bronze,Singapore
CUST_00011,2024-06-24,41,Other,Bronze,Hong Kong
CUST_00012,2025-12-06,53,M,Gold,Malaysia
CUST_00013,2024-03-25,57,F,Bronze,Singapore
CUST_00014,2025-09-04,41,F,Bronze,Malaysia
CUST_00015,2024-11-22,20,M,Bronze,Malaysia
CUST_00016,2023-03-21,39,M,Bronze,Malaysia
CUST_00017,2025-11-03,19,F,Bronze,Singapore
CUST_00018,2023-04-11,41,F,Bronze,Singapore
CUST_00019,2025-06-10,61,F,Bronze,Singapore
CUST_00020,2025-09-08,47,M,Bronze,Singapore
CUST_00021,2024-03-13,55,F,Gold,Singapore
CUST_00022,2025-03-06,19,M,Silver,Singapore
CUST_00023,2023-09-28,38,M,Bronze,Singapore
CUST_00024,2024-09-25,50,M,Bronze,Malaysia
CUST_00025,2023-06-14,29,F,Bronze,Singapore
CUST_00026,2024-08-08,39,F,Bronze,Singapore
CUST_00027,2025-01-08,61,F,Bronze,Hong Kong
CUST_00028,2024-07-06,42,M,Bronze,Hong Kong
CUST_00029,2025-01-16,44,F,Silver,Malaysia
CUST_00030,2025-07-02,59,M,Bronze,Hong Kong
CUST_00031,2024-01-01,45,F,Bronze,Singapore
CUST_00032,2025-05-14,33,M,Bronze,Hong Kong
CUST_00033,2025-02-11,32,M,Bronze,Singapore
CUST_00034,2024-02-08,64,F,Silver,Singapore
CUST_00035,2023-12-05,61,M,Silver,Singapore
CUST_00036,2024-07-01,20,F,Silver,Singapore
CUST_00037,2025-06-25,54,F,Bronze,Singapore
CUST_00038,2023-08-26,24,M,Bronze,Singapore
CUST_00039,2023-08-27,38,F,Bronze,Malaysia
CUST_00040,2025-05-08,26,M,Bronze,Singapore
CUST_00041,2024-12-02,56,F,Bronze,Singapore
CUST_00042,2023-01-23,35,F,Silver,Malaysia
CUST_00043,2023-02-16,21,F,Bronze,Singapore
CUST_00044,2023-04-07,42,M,Bronze,Singapore
CUST_00045,2024-09-14,31,F,Bronze,Singapore
CUST_00046,2024-12-14,26,F,Bronze,Singapore
CUST_00047,2025-10-17,43,M,Bronze,Singapore
CUST_00048,2025-10-23,19,M,Gold,Hong Kong
CUST_00049,2024-06-25,37,F,Silver,Singapore
CUST_00050,2025-11-19,45,F,Gold,Singapore
CUST_00051,2024-07-28,64,F,Bronze,Malaysia
CUST_00052,2025-09-25,24,F,Bronze,Malaysia
CUST_00053,2023-08-12,61,F,Bronze,Singapore
CUST_00054,2023-04-03,25,M,Bronze,Singapore
CUST_00055,2025-10-23,64,M,Silver,Singapore
CUST_00056,2023-10-10,52,M,Bronze,Singapore
CUST_00057,2025-07-09,31,F,Bronze,Singapore
CUST_00058,2024-10-22,34,M,Bronze,Singapore
CUST_00059,2023-04-07,53,F,Bronze,Hong Kong
CUST_00060,2025-01-27,57,F,Silver,Singapore
CUST_00061,2023-09-06,21,F,Bronze,Singapore
CUST_00062,2023-01-11,19,M,Bronze,Singapore
CUST_00063,2025-08-01,23,F,Bronze,Singapore
CUST_00064,2024-01-31,59,M,Bronze,Singapore
CUST_00065,2025-07-19,21,F,Silver,Singapore
CUST_00066,2024-05-31,46,M,Silver,Malaysia
CUST_00067,2024-08-07,35,M,Gold,Singapore
CUST_00068,2025-04-10,43,F,Silver,Singapore
CUST_00069,2025-03-08,61,M,Bronze,Singapore
CUST_00070,2024-07-07,51,M,Bronze,Singapore
CUST_00071,2024-10-06,27,F,Bronze,Singapore
CUST_00072,2023-05-16,53,F,Bronze,Singapore
CUST_00073,2024-01-01,31,F,Silver,Singapore
CUST_00074,2022-12-15,48,F,Bronze,Singapore
CUST_00075,2025-07-21,32,F,Gold,Malaysia
CUST_00076,2023-03-14,25,M,Bronze,Hong Kong
CUST_00077,2023-10-20,31,M,Bronze,Malaysia
CUST_00078,2023-03-10,40,M,Bronze,Malaysia
CUST_00079,2025-11-09,57,F,Silver,Singapore
CUST_00080,2024-10-10,38,F,Bronze,Hong Kong
CUST_00081,2025-08-21,33,M,Bronze,Singapore
CUST_00082,2025-05-09,62,F,Bronze,Hong Kong
CUST_00083,2025-03-04,35,F,Bronze,Hong Kong
CUST_00084,2024-08-14,64,M,Bronze,Malaysia
CUST_00085,2024-03-25,41,F,Silver,Hong Kong
CUST_00086,2023-04-29,43,F,Bronze,Singapore
CUST_00087,2024-03-08,42,F,Bronze,Singapore
CUST_00088,2023-04-02,62,M,Bronze,Singapore
CUST_00089,2023-11-14,58,F,Bronze,Singapore
CUST_00090,2024-12-19,46,F,Silver,Singapore
CUST_00091,2025-05-20,32,F,Bronze,Singapore
CUST_00092,2024-06-22,62,F,Bronze,Hong Kong
CUST_00093,2025-03-28,18,F,Bronze,Singapore
CUST_00094,2023-05-26,42,F,Gold,Malaysia
CUST_00095,2024-02-13,24,M,Silver,Hong Kong
CUST_00096,2025-07-18,26,F,Bronze,Hong Kong
CUST_00097,2024-04-14,41,F,Bronze,Hong Kong
CUST_00098,2023-05-28,18,M,Bronze,Singapore
CUST_00099,2024-03-23,61,F,Silver,Hong Kong
CUST_00100,2023-08-21,25,F,Bronze,Malaysia
CUST_00101,2024-10-20,41,F,Bronze,Singapore
CUST_00102,2025-02-23,28,F,Bronze,Singapore
CUST_00103,2025-09-23,34,M,Bronze,Malaysia
CUST_00104,2025-07-11,25,Other,Bronze,Singapore
CUST_00105,2024-10-22,52,F,Silver,Singapore
CUST_00106,2024-10-26,52,M,Bronze,Singapore
CUST_00107,2025-05-07,50,F,Bronze,Singapore
CUST_00108,2024-10-21,22,F,Bronze,Singapore
CUST_00109,2024-12-05,59,F,Gold,Malaysia
CUST_00110,2025-03-08,56,F,Bronze,Singapore
CUST_00111,2024-01-14,58,M,Silver,Singapore
CUST_00112,2025-10-17,45,M,Bronze,Singapore
CUST_00113,2024-12-29,24,M,Bronze,Singapore
CUST_00114,2023-10-02,26,F,Bronze,Hong Kong
CUST_00115,2023-10-09,25,M,Bronze,Singapore
CUST_00116,2024-04-09,29,M,Bronze,Singapore
CUST_00117,2023-05-30,51,M,Silver,Singapore
CUST_00118,2025-03-10,50,F,Bronze,Singapore
CUST_00119,2024-11-04,40,F,Bronze,Malaysia
CUST_00120,2024-12-06,41,M,Bronze,Malaysia
CUST_00121,2025-01-29,54,M,Gold,Singapore
CUST_00122,2025-10-23,52,F,Silver,Singapore
CUST_00123,2025-05-18,61,F,Bronze,Singapore
CUST_00124,2025-10-17,57,M,Gold,Singapore
CUST_00125,2024-08-11,39,F,Bronze,Singapore
CUST_00126,2025-12-06,44,M,Bronze,Singapore
CUST_00127,2023-08-10,52,M,Silver,Singapore
CUST_00128,2025-04-11,18,F,Silver,Singapore
CUST_00129,2023-08-03,52,M,Bronze,Hong Kong
CUST_00130,2024-01-13,54,F,Bronze,Hong Kong
CUST_00131,2024-06-03,64,M,Bronze,Singapore
CUST_00132,2025-04-19,31,F,Gold,Malaysia
CUST_00133,2024-12-22,20,F,Bronze,Singapore
CUST_00134,2023-07-05,18,M,Bronze,Singapore
CUST_00135,2025-04-05,22,F,Bronze,Malaysia
CUST_00136,2025-12-05,43,M,Bronze,Hong Kong
CUST_00137,2023-05-07,31,Other,Bronze,Hong Kong
CUST_00138,2023-08-22,56,M,Gold,Singapore
CUST_00139,2024-06-28,44,M,Bronze,Singapore
CUST_00140,2025-04-05,26,M,Bronze,Malaysia
CUST_00141,2024-06-14,32,Other,Bronze,Singapore
CUST_00142,2024-06-10,32,F,Silver,Singapore
CUST_00143,2024-06-03,43,F,Bronze,Singapore
CUST_00144,2025-07-11,59,M,Bronze,Singapore
CUST_00145,2025-10-23,30,F,Silver,Singapore
CUST_00146,2025-11-16,49,M,Silver,Singapore
CUST_00147,2023-08-17,56,F,Silver,Hong Kong
CUST_00148,2024-11-26,49,M,Gold,Singapore
CUST_00149,2024-02-14,21,M,Bronze,Singapore
CUST_00150,2025-01-08,47,M,Silver,Singapore
CUST_00151,2023-03-05,54,F,Bronze,Singapore
CUST_00152,2024-03-12,40,F,Silver,Singapore
CUST_00153,2025-09-21,56,M,Silver,Singapore
CUST_00154,2025-04-14,62,F,Silver,Malaysia
CUST_00155,2023-09-06,32,F,Bronze,Singapore
CUST_00156,2025-03-13,60,F,Bronze,Hong Kong
CUST_00157,2024-07-26,46,M,Bronze,Singapore
CUST_00158,2025-07-09,53,M,Gold,Singapore
CUST_00159,2023-09-04,30,F,Gold,Singapore
CUST_00160,2023-08-23,49,M,Bronze,Singapore
CUST_00161,2023-12-04,24,M,Bronze,Malaysia
CUST_00162,2024-11-01,39,F,Bronze,Singapore
CUST_00163,2024-10-06,45,F,Silver,Singapore
CUST_00164,2025-07-05,19,M,Silver,Malaysia
CUST_00165,2025-09-12,59,M,Bronze,Hong Kong
CUST_00166,2023-11-28,62,F,Bronze,Malaysia
CUST_00167,2025-08-17,23,M,Silver,Singapore
CUST_00168,2023-07-13,45,M,Silver,Malaysia
CUST_00169,2024-03-26,45,M,Bronze,Singapore
CUST_00170,2025-10-19,61,F,Bronze,Singapore
CUST_00171,2025-12-03,61,F,Bronze,Singapore
CUST_00172,2025-10-15,37,M,Bronze,Singapore
CUST_00173,2023-03-13,47,M,Bronze,Singapore
CUST_00174,2024-03-18,28,M,Bronze,Singapore
CUST_00175,2024-11-08,45,F,Silver,Malaysia
CUST_00176,2025-09-21,42,M,Bronze,Singapore
CUST_00177,2023-05-26,56,M,Silver,Singapore
CUST_00178,2024-06-19,50,F,Bronze,Singapore
CUST_00179,2023-12-04,18,M,Bronze,Hong Kong
CUST_00180,2023-05-29,44,F,Bronze,Singapore
CUST_00181,2024-08-07,30,M,Bronze,Singapore
CUST_00182,2025-09-24,58,M,Silver,Malaysia
CUST_00183,2023-10-26,20,M,Gold,Malaysia
CUST_00184,2025-05-19,56,F,Bronze,Singapore
CUST_00185,2023-09-11,23,F,Bronze,Singapore
CUST_00186,2024-10-16,25,F,Silver,Malaysia
CUST_00187,2023-01-14,44,M,Bronze,Singapore
CUST_00188,2025-09-03,26,F,Bronze,Singapore
CUST_00189,2024-08-08,54,M,Silver,Malaysia
CUST_00190,2024-10-11,50,M,Bronze,Singapore
CUST_00191,2023-01-01,59,F,Bronze,Singapore
CUST_00192,2024-09-18,61,M,Bronze,Singapore
CUST_00193,2023-02-07,41,M,Silver,Singapore
CUST_00194,2024-03-01,32,M,Bronze,Singapore
CUST_00195,2023-03-08,49,M,Bronze,Malaysia
CUST_00196,2025-04-07,49,M,Silver,Singapore
CUST_00197,2024-09-15,41,F,Bronze,Singapore
CUST_00198,2023-05-24,58,M,Silver,Singapore
CUST_00199,2024-06-28,29,F,Bronze,Singapore
CUST_00200,2023-10-10,56,F,Gold,Hong Kong
CUST_00201,2024-10-18,19,M,Bronze,Singapore
CUST_00202,2023-06-15,20,M,Bronze,Singapore
CUST_00203,2023-05-02,54,M,Bronze,Singapore
CUST_00204,2025-05-12,34,F,Bronze,Singapore
CUST_00205,2023-12-31,19,M,Silver,Singapore
CUST_00206,2024-06-12,19,F,Gold,Malaysia
CUST_00207,2024-05-03,45,M,Bronze,Hong Kong
CUST_00208,2025-06-30,40,F,Bronze,Singapore
CUST_00209,2024-08-21,54,M,Silver,Singapore
CUST_00210,2023-01-24,49,M,Silver,Malaysia
CUST_00211,2025-10-23,50,F,Bronze,Malaysia
CUST_00212,2024-12-14,18,F,Bronze,Singapore
CUST_00213,2025-02-02,36,M,Bronze,Singapore
CUST_00214,2023-03-19,19,F,Bronze,Singapore
CUST_00215,2023-06-07,61,F,Bronze,Malaysia
CUST_00216,2025-11-16,43,F,Bronze,Malaysia
CUST_00217,2025-09-19,49,F,Bronze,Singapore
CUST_00218,2025-03-27,23,M,Silver,Singapore
CUST_00219,2023-01-23,49,M,Bronze,Hong Kong
CUST_00220,2023-11-29,21,M,Bronze,Malaysia
CUST_00221,2023-06-22,28,F,Bronze,Hong Kong
CUST_00222,2024-05-04,34,F,Bronze,Malaysia
CUST_00223,2024-12-06,55,M,Bronze,Singapore
CUST_00224,2024-09-29,41,M,Bronze,Singapore
CUST_00225,2023-01-07,22,F,Bronze,Singapore
CUST_00226,2025-03-17,51,Other,Bronze,Singapore
CUST_00227,2023-12-07,23,F,Bronze,Singapore
CUST_00228,2025-07-07,39,M,Bronze,Malaysia
CUST_00229,2023-01-23,28,M,Silver,Singapore
CUST_00230,2024-04-07,33,M,Bronze,Malaysia
CUST_00231,2025-04-09,50,F,Silver,Singapore
CUST_00232,2025-06-09,26,M,Bronze,Hong Kong
CUST_00233,2024-06-18,23,F,Bronze,Singapore
CUST_00234,2025-01-19,33,M,Bronze,Singapore
CUST_00235,2022-12-31,46,F,Bronze,Singapore
CUST_00236,2024-04-23,20,F,Silver,Singapore
CUST_00237,2025-07-19,37,F,Silver,Malaysia
CUST_00238,2023-03-08,53,M,Silver,Malaysia
CUST_00239,2023-04-04,36,M,Bronze,Singapore
CUST_00240,2025-02-13,43,M,Bronze,Singapore
CUST_00241,2025-03-15,20,F,Bronze,Singapore
CUST_00242,2024-07-27,36,F,Bronze,Singapore
CUST_00243,2024-05-20,37,F,Bronze,Hong Kong
CUST_00244,2024-03-02,49,F,Bronze,Malaysia
CUST_00245,2023-09-12,24,F,Bronze,Singapore
CUST_00246,2025-12-11,58,M,Bronze,Malaysia
CUST_00247,2023-06-19,50,F,Silver,Singapore
CUST_00248,2024-03-14,57,M,Gold,Hong Kong
CUST_00249,2025-02-08,56,M,Gold,Singapore
CUST_00250,2024-03-22,35,F,Bronze,Malaysia
CUST_00251,2025-04-26,57,M,Bronze,Malaysia
CUST_00252,2025-10-13,18,M,Bronze,Singapore
CUST_00253,2024-09-01,28,F,Silver,Malaysia
CUST_00254,2023-09-07,45,M,Bronze,Singapore
CUST_00255,2025-05-17,42,F,Bronze,Singapore
CUST_00256,2025-11-24,40,M,Silver,Singapore
CUST_00257,2023-03-31,48,M,Bronze,Hong Kong
CUST_00258,2024-04-01,47,M,Bronze,Malaysia
CUST_00259,2023-05-15,59,M,Bronze,Malaysia
CUST_00260,2024-10-29,52,F,Bronze,Malaysia
CUST_00261,2025-09-15,24,M,Bronze,Singapore
CUST_00262,2024-06-28,33,F,Bronze,Hong Kong
CUST_00263,2025-12-03,43,F,Bronze,Singapore
CUST_00264,2024-12-30,19,F,Bronze,Singapore
CUST_00265,2024-11-07,18,F,Silver,Singapore
CUST_00266,2024-05-21,29,F,Bronze,Malaysia
CUST_00267,2024-12-24,22,M,Bronze,Malaysia
CUST_00268,2023-11-08,54,M,Bronze,Singapore
CUST_00269,2023-07-17,49,M,Gold,Singapore
CUST_00270,2024-10-07,26,F,Bronze,Malaysia
CUST_00271,2023-01-16,58,M,Bronze,Singapore
CUST_00272,2023-05-07,52,F,Silver,Malaysia
CUST_00273,2023-09-03,36,F,Silver,Hong Kong
CUST_00274,2024-03-24,33,M,Bronze,Singapore
CUST_00275,2025-12-05,20,F,Silver,Singapore
CUST_00276,2025-11-07,37,M,Bronze,Malaysia
CUST_00277,2025-03-31,41,M,Bronze,Malaysia
CUST_00278,2023-12-27,50,F,Bronze,Singapore
CUST_00279,2024-01-22,41,F,Bronze,Hong Kong
CUST_00280,2024-05-23,28,F,Silver,Singapore
CUST_00281,2024-05-27,25,M,Bronze,Singapore
CUST_00282,2025-08-20,53,M,Bronze,Malaysia
CUST_00283,2024-03-20,55,F,Silver,Malaysia
CUST_00284,2024-07-15,57,F,Silver,Singapore
CUST_00285,2023-07-15,37,F,Bronze,Malaysia
CUST_00286,2025-12-01,52,M,Bronze,Singapore
CUST_00287,2025-07-22,42,F,Bronze,Singapore
CUST_00288,2024-12-04,52,M,Silver,Singapore
CUST_00289,2023-02-12,42,M,Bronze,Malaysia
CUST_00290,2024-11-03,46,F,Gold,Singapore
CUST_00291,2023-05-09,35,M,Bronze,Singapore
CUST_00292,2025-08-02,63,Other,Bronze,Singapore
CUST_00293,2023-11-09,35,M,Bronze,Malaysia
CUST_00294,2023-04-20,19,M,Bronze,Singapore
CUST_00295,2025-12-09,52,F,Bronze,Malaysia
CUST_00296,2024-11-22,33,F,Gold,Singapore
CUST_00297,2024-06-30,58,F,Bronze,Singapore
CUST_00298,2024-12-17,53,F,Bronze,Singapore
CUST_00299,2023-05-17,50,F,Silver,Malaysia
CUST_00300,2025-01-15,21,F,Bronze,Hong Kong
CUST_00301,2024-04-01,50,F,Silver,Singapore
CUST_00302,2024-08-10,31,M,Bronze,Singapore
CUST_00303,2024-08-19,38,F,Bronze,Singapore
CUST_00304,2023-07-11,37,M,Bronze,Singapore
CUST_00305,2025-01-31,25,Other,Bronze,Singapore
CUST_00306,2023-09-02,24,F,Gold,Singapore
CUST_00307,2025-08-12,20,M,Bronze,Singapore
CUST_00308,2025-11-10,34,F,Bronze,Singapore
CUST_00309,2024-12-14,50,F,Bronze,Singapore
CUST_00310,2023-08-15,29,M,Bronze,Malaysia
CUST_00311,2025-12-04,39,F,Silver,Singapore
CUST_00312,2025-06-30,39,F,Bronze,Singapore
CUST_00313,2024-12-12,63,M,Bronze,Malaysia
CUST_00314,2024-10-13,47,F,Gold,Singapore
CUST_00315,2024-07-17,55,M,Bronze,Singapore
CUST_00316,2024-06-05,55,F,Gold,Singapore
CUST_00317,2024-11-08,62,Other,Bronze,Singapore
CUST_00318,2025-05-24,25,F,Bronze,Singapore
CUST_00319,2024-04-05,44,F,Bronze,Singapore
CUST_00320,2024-07-29,44,F,Silver,Hong Kong
CUST_00321,2024-06-15,51,F,Gold,Singapore
CUST_00322,2024-12-01,38,M,Bronze,Singapore
CUST_00323,2024-04-29,47,F,Bronze,Singapore
CUST_00324,2023-09-18,50,M,Bronze,Singapore
CUST_00325,2023-08-30,45,F,Bronze,Singapore
CUST_00326,2023-08-31,64,M,Bronze,Malaysia
CUST_00327,2025-09-09,50,M,Gold,Singapore
CUST_00328,2023-02-03,22,M,Bronze,Singapore
CUST_00329,2023-02-08,36,F,Bronze,Singapore
CUST_00330,2024-08-21,21,M,Bronze,Singapore
CUST_00331,2025-02-11,52,F,Bronze,Hong Kong
CUST_00332,2023-11-26,34,M,Bronze,Singapore
CUST_00333,2023-02-06,61,M,Bronze,Singapore
CUST_00334,2025-03-23,45,F,Silver,Singapore
CUST_00335,2024-09-29,47,F,Bronze,Hong Kong
CUST_00336,2024-04-18,46,M,Bronze,Singapore
CUST_00337,2025-07-05,63,F,Bronze,Singapore
CUST_00338,2025-06-02,23,F,Silver,Malaysia
CUST_00339,2024-02-01,52,F,Silver,Malaysia
CUST_00340,2024-01-22,58,M,Bronze,Singapore
CUST_00341,2024-09-30,54,M,Silver,Singapore
CUST_00342,2025-07-27,41,F,Bronze,Singapore
CUST_00343,2025-02-13,46,M,Bronze,Singapore
CUST_00344,2025-10-28,63,F,Bronze,Singapore
CUST_00345,2023-08-05,48,F,Bronze,Singapore
CUST_00346,2023-10-29,52,F,Bronze,Singapore
CUST_00347,2023-05-06,50,F,Gold,Singapore
CUST_00348,2024-08-13,38,Other,Silver,Singapore
CUST_00349,2023-11-30,49,M,Bronze,Hong Kong
CUST_00350,2024-07-13,40,F,Bronze,Singapore
CUST_00351,2025-05-24,50,M,Bronze,Singapore
CUST_00352,2024-07-02,20,F,Bronze,Singapore
CUST_00353,2023-10-01,35,F,Bronze,Hong Kong
CUST_00354,2025-01-31,42,F,Bronze,Singapore
CUST_00355,2024-12-23,59,Other,Bronze,Singapore
CUST_00356,2025-09-17,48,F,Silver,Singapore
CUST_00357,2023-01-12,20,M,Bronze,Singapore
CUST_00358,2023-05-07,57,M,Bronze,Singapore
CUST_00359,2025-09-16,63,F,Silver,Singapore
CUST_00360,2024-12-06,41,M,Bronze,Singapore
CUST_00361,2023-10-30,49,M,Bronze,Hong Kong
CUST_00362,2023-09-02,64,M,Bronze,Singapore
CUST_00363,2024-07-18,39,M,Bronze,Singapore
CUST_00364,2024-02-26,40,M,Silver,Malaysia
CUST_00365,2024-01-11,19,M,Bronze,Singapore
CUST_00366,2024-09-10,44,M,Bronze,Singapore
CUST_00367,2023-03-25,59,M,Silver,Singapore
CUST_00368,2024-09-14,19,Other,Silver,Singapore
CUST_00369,2023-02-07,43,M,Silver,Malaysia
CUST_00370,2024-02-24,34,M,Bronze,Hong Kong
CUST_00371,2025-10-30,57,F,Bronze,Singapore
CUST_00372,2023-06-11,50,M,Gold,Singapore
CUST_00373,2024-05-26,26,F,Silver,Hong Kong
CUST_00374,2025-05-09,60,F,Bronze,Malaysia
CUST_00375,2024-05-31,56,M,Bronze,Malaysia
CUST_00376,2024-05-20,46,M,Bronze,Singapore
CUST_00377,2024-05-22,59,F,Gold,Singapore
CUST_00378,2024-05-06,43,F,Bronze,Malaysia
CUST_00379,2024-05-27,52,F,Bronze,Singapore
CUST_00380,2023-07-04,42,F,Bronze,Singapore
CUST_00381,2025-07-25,41,M,Bronze,Singapore
CUST_00382,2023-03-05,30,Other,Silver,Singapore
CUST_00383,2024-08-15,24,M,Bronze,Singapore
CUST_00384,2025-08-11,53,F,Silver,Singapore
CUST_00385,2024-11-08,62,F,Gold,Hong Kong
CUST_00386,2023-10-14,37,F,Bronze,Singapore
CUST_00387,2025-04-07,18,F,Bronze,Malaysia
CUST_00388,2024-01-17,25,M,Bronze,Singapore
CUST_00389,2023-11-10,63,M,Silver,Singapore
CUST_00390,2023-02-21,33,M,Bronze,Hong Kong
CUST_00391,2024-03-14,31,M,Bronze,Singapore
CUST_00392,2024-04-03,29,F,Silver,Singapore
CUST_00393,2023-09-21,40,M,Bronze,Singapore
CUST_00394,2023-09-06,32,M,Gold,Singapore
CUST_00395,2023-01-23,45,Other,Bronze,Malaysia
CUST_00396,2025-08-14,51,F,Bronze,Hong Kong
CUST_00397,2023-11-20,19,F,Bronze,Singapore
CUST_00398,2024-09-16,49,Other,Silver,Singapore
CUST_00399,2023-06-02,40,M,Bronze,Singapore
CUST_00400,2024-10-22,39,M,Silver,Malaysia
CUST_00401,2024-12-01,42,F,Gold,Singapore
CUST_00402,2024-03-17,39,F,Bronze,Singapore
CUST_00403,2024-10-03,39,M,Gold,Singapore
CUST_00404,2023-11-22,59,F,Bronze,Singapore
CUST_00405,2025-07-22,23,M,Bronze,Singapore
CUST_00406,2025-07-31,32,M,Bronze,Malaysia
CUST_00407,2025-11-23,60,F,Silver,Singapore
CUST_00408,2023-07-15,54,F,Bronze,Singapore
CUST_00409,2024-11-25,50,F,Bronze,Malaysia
CUST_00410,2023-06-22,25,M,Bronze,Malaysia
CUST_00411,2023-09-02,61,F,Bronze,Singapore
CUST_00412,2023-01-15,61,M,Bronze,Singapore
CUST_00413,2025-05-25,22,M,Silver,Singapore
CUST_00414,2024-11-06,56,F,Silver,Singapore
CUST_00415,2024-11-05,21,Other,Bronze,Singapore
CUST_00416,2023-05-11,23,F,Gold,Singapore
CUST_00417,2024-09-03,62,F,Bronze,Singapore
CUST_00418,2023-02-04,49,F,Gold,Malaysia
CUST_00419,2025-08-23,47,F,Bronze,Singapore
CUST_00420,2025-05-27,64,M,Bronze,Singapore
CUST_00421,2024-07-11,52,M,Bronze,Singapore
CUST_00422,2023-07-22,57,M,Silver,Hong Kong
CUST_00423,2024-10-19,33,M,Bronze,Malaysia
CUST_00424,2025-08-02,30,F,Bronze,Malaysia
CUST_00425,2025-01-31,59,F,Bronze,Malaysia
CUST_00426,2025-01-13,47,M,Bronze,Hong Kong
CUST_00427,2024-08-04,36,M,Bronze,Singapore
CUST_00428,2025-05-04,34,F,Silver,Singapore
CUST_00429,2023-06-13,36,M,Silver,Singapore
CUST_00430,2025-05-24,45,F,Bronze,Malaysia
CUST_00431,2023-11-08,43,F,Silver,Malaysia
CUST_00432,2025-02-19,54,F,Bronze,Singapore
CUST_00433,2023-01-23,43,F,Silver,Singapore
CUST_00434,2023-09-22,40,F,Silver,Singapore
CUST_00435,2024-11-25,26,M,Bronze,Hong Kong
CUST_00436,2023-04-20,29,F,Silver,Singapore
CUST_00437,2023-11-09,18,F,Bronze,Singapore
CUST_00438,2025-06-23,18,M,Bronze,Singapore
CUST_00439,2023-11-09,64,F,Silver,Singapore
CUST_00440,2023-04-11,51,F,Bronze,Malaysia
CUST_00441,2025-06-18,49,F,Bronze,Singapore
CUST_00442,2025-02-13,42,F,Bronze,Malaysia
CUST_00443,2022-12-29,57,F,Silver,Singapore
CUST_00444,2023-03-20,62,F,Bronze,Singapore
CUST_00445,2025-11-06,18,F,Bronze,Singapore
CUST_00446,2025-02-19,33,F,Silver,Malaysia
CUST_00447,2025-11-28,56,F,Silver,Singapore
CUST_00448,2023-12-20,22,F,Bronze,Singapore
CUST_00449,2023-09-20,39,F,Bronze,Singapore
CUST_00450,2024-11-06,46,M,Bronze,Hong Kong
CUST_00451,2024-07-25,20,F,Bronze,Singapore
CUST_00452,2023-10-04,29,F,Bronze,Malaysia
CUST_00453,2025-01-11,43,M,Silver,Singapore
CUST_00454,2025-08-02,33,F,Bronze,Singapore
CUST_00455,2023-08-14,54,M,Bronze,Singapore
CUST_00456,2025-05-09,39,M,Bronze,Singapore
CUST_00457,2025-02-02,46,F,Silver,Singapore
CUST_00458,2024-08-16,31,M,Bronze,Singapore
CUST_00459,2025-11-19,45,F,Gold,Singapore
CUST_00460,2023-08-14,22,F,Bronze,Hong Kong
CUST_00461,2023-04-04,64,F,Bronze,Singapore
CUST_00462,2024-10-04,47,M,Bronze,Malaysia
CUST_00463,2025-05-16,63,M,Bronze,Singapore
CUST_00464,2023-06-27,22,F,Bronze,Singapore
CUST_00465,2024-09-11,29,Other,Bronze,Singapore
CUST_00466,2024-11-10,33,F,Bronze,Singapore
CUST_00467,2025-05-02,43,M,Silver,Singapore
CUST_00468,2022-12-13,43,F,Bronze,Singapore
CUST_00469,2023-10-20,38,F,Silver,Singapore
CUST_00470,2025-06-21,56,F,Bronze,Singapore
CUST_00471,2024-02-12,53,M,Bronze,Malaysia
CUST_00472,2025-05-28,50,F,Bronze,Malaysia
CUST_00473,2024-07-14,47,F,Bronze,Singapore
CUST_00474,2024-08-07,54,Other,Bronze,Singapore
CUST_00475,2025-08-07,40,M,Bronze,Singapore
CUST_00476,2023-02-02,27,F,Bronze,Singapore
CUST_00477,2024-12-29,22,F,Bronze,Singapore
CUST_00478,2023-10-14,53,M,Bronze,Singapore
CUST_00479,2024-03-27,51,F,Gold,Singapore
CUST_00480,2023-01-06,48,F,Silver,Singapore
CUST_00481,2024-11-25,27,M,Silver,Singapore
CUST_00482,2025-06-23,36,M,Silver,Malaysia
CUST_00483,2024-02-23,49,F,Bronze,Malaysia
CUST_00484,2023-05-11,18,M,Bronze,Singapore
CUST_00485,2023-12-15,22,F,Gold,Hong Kong
CUST_00486,2024-06-02,62,M,Bronze,Hong Kong
CUST_00487,2023-02-17,21,F,Bronze,Singapore
CUST_00488,2023-01-24,33,M,Bronze,Singapore
CUST_00489,2024-07-04,41,F,Bronze,Singapore
CUST_00490,2024-01-31,33,Other,Bronze,Hong Kong
CUST_00491,2025-05-26,19,Other,Silver,Malaysia
CUST_00492,2025-07-07,45,F,Bronze,Singapore
CUST_00493,2023-04-30,49,M,Bronze,Singapore
CUST_00494,2023-06-16,44,F,Gold,Singapore
CUST_00495,2023-06-26,37,M,Bronze,Singapore
CUST_00496,2025-12-11,41,M,Bronze,Singapore
CUST_00497,2024-06-20,29,M,Bronze,Malaysia
CUST_00498,2024-12-07,52,F,Silver,Singapore
CUST_00499,2023-08-03,50,F,Gold,Malaysia
CUST_00500,2023-03-02,50,F,Bronze,Malaysia
CUST_00501,2025-10-10,60,M,Silver,Malaysia
CUST_00502,2025-09-29,54,M,Bronze,Singapore
CUST_00503,2024-01-28,29,Other,Gold,Singapore
CUST_00504,2023-04-20,20,M,Silver,Singapore
CUST_00505,2025-08-21,18,F,Silver,Singapore
CUST_00506,2025-04-25,50,M,Bronze,Singapore
CUST_00507,2023-11-22,57,F,Gold,Singapore
CUST_00508,2024-01-03,27,F,Silver,Singapore
CUST_00509,2023-09-07,60,M,Bronze,Singapore
CUST_00510,2025-07-15,61,M,Silver,Singapore
CUST_00511,2024-01-17,46,F,Bronze,Singapore
CUST_00512,2024-12-20,30,F,Silver,Malaysia
CUST_00513,2024-08-14,29,M,Bronze,Malaysia
CUST_00514,2025-03-15,48,Other,Silver,Singapore
CUST_00515,2025-10-17,63,M,Bronze,Singapore
CUST_00516,2024-11-15,19,M,Bronze,Singapore
CUST_00517,2024-01-25,52,F,Bronze,Singapore
CUST_00518,2025-01-06,40,M,Bronze,Singapore
CUST_00519,2023-04-28,34,F,Bronze,Malaysia
CUST_00520,2025-02-02,43,M,Bronze,Singapore
CUST_00521,2024-11-05,25,M,Bronze,Singapore
CUST_00522,2025-11-12,46,Other,Bronze,Singapore
CUST_00523,2025-10-22,43,M,Bronze,Singapore
CUST_00524,2023-08-07,27,F,Silver,Singapore
CUST_00525,2025-06-05,43,M,Bronze,Singapore
CUST_00526,2023-03-26,51,M,Gold,Singapore
CUST_00527,2025-08-28,58,M,Silver,Singapore
CUST_00528,2023-04-22,24,F,Bronze,Singapore
CUST_00529,2024-09-11,21,M,Bronze,Singapore
CUST_00530,2023-01-08,62,F,Silver,Singapore
CUST_00531,2024-06-23,28,F,Bronze,Hong Kong
CUST_00532,2024-09-11,46,Other,Bronze,Singapore
CUST_00533,2023-01-31,53,M,Bronze,Singapore
CUST_00534,2024-02-19,42,F,Silver,Singapore
CUST_00535,2023-04-14,38,F,Bronze,Singapore
CUST_00536,2025-09-08,53,F,Bronze,Singapore
CUST_00537,2025-08-20,27,F,Gold,Singapore
CUST_00538,2025-05-13,54,F,Silver,Malaysia
CUST_00539,2024-12-22,26,F,Bronze,Singapore
CUST_00540,2023-03-13,41,M,Bronze,Singapore
CUST_00541,2023-07-07,52,M,Silver,Singapore
CUST_00542,2024-05-08,52,F,Bronze,Malaysia
CUST_00543,2025-05-01,53,F,Bronze,Singapore
CUST_00544,2023-05-14,35,F,Bronze,Singapore
CUST_00545,2023-08-16,56,F,Gold,Singapore
CUST_00546,2024-12-21,49,M,Bronze,Singapore
CUST_00547,2025-01-28,41,M,Silver,Singapore
CUST_00548,2024-08-21,40,F,Silver,Singapore
CUST_00549,2023-02-02,49,M,Bronze,Singapore
CUST_00550,2025-06-18,54,M,Bronze,Singapore
CUST_00551,2023-11-14,29,F,Bronze,Singapore
CUST_00552,2023-10-15,30,M,Bronze,Singapore
CUST_00553,2023-01-26,40,F,Bronze,Malaysia
CUST_00554,2025-04-17,42,M,Silver,Singapore
CUST_00555,2025-01-13,52,F,Bronze,Singapore
CUST_00556,2023-11-13,58,M,Silver,Singapore
CUST_00557,2025-08-30,47,F,Bronze,Singapore
CUST_00558,2023-04-03,34,M,Bronze,Malaysia
CUST_00559,2024-07-04,37,M,Bronze,Singapore
CUST_00560,2024-11-13,42,M,Bronze,Singapore
CUST_00561,2025-07-16,39,F,Silver,Singapore
CUST_00562,2024-03-04,30,F,Bronze,Singapore
CUST_00563,2023-06-20,36,M,Bronze,Singapore
CUST_00564,2025-04-02,53,F,Bronze,Singapore
CUST_00565,2024-05-31,29,F,Bronze,Singapore
CUST_00566,2023-05-04,58,F,Bronze,Malaysia
CUST_00567,2023-08-19,36,M,Bronze,Singapore
CUST_00568,2025-04-30,29,F,Gold,Malaysia
CUST_00569,2023-12-11,26,M,Bronze,Malaysia
CUST_00570,2024-10-10,24,M,Silver,Malaysia
CUST_00571,2024-11-30,45,Other,Bronze,Singapore
CUST_00572,2023-03-13,31,M,Bronze,Singapore
CUST_00573,2025-09-14,48,F,Bronze,Malaysia
CUST_00574,2025-12-06,36,F,Bronze,Singapore
CUST_00575,2025-06-30,64,F,Bronze,Singapore
CUST_00576,2023-06-07,33,F,Bronze,Malaysia
CUST_00577,2025-12-11,22,M,Bronze,Malaysia
CUST_00578,2024-12-08,52,M,Bronze,Singapore
CUST_00579,2025-05-22,29,F,Bronze,Singapore
CUST_00580,2025-08-20,42,M,Gold,Singapore
CUST_00581,2025-07-25,38,M,Bronze,Malaysia
CUST_00582,2024-11-11,53,M,Bronze,Hong Kong
CUST_00583,2023-11-01,40,M,Bronze,Singapore
CUST_00584,2023-01-08,33,M,Bronze,Singapore
CUST_00585,2023-10-19,56,M,Bronze,Malaysia
CUST_00586,2025-06-18,62,F,Bronze,Singapore
CUST_00587,2025-08-30,59,F,Bronze,Singapore
CUST_00588,2025-01-26,56,F,Bronze,Hong Kong
CUST_00589,2023-04-25,31,M,Bronze,Singapore
CUST_00590,2023-02-12,48,M,Bronze,Singapore
CUST_00591,2024-10-25,22,M,Bronze,Singapore
CUST_00592,2025-11-10,52,F,Bronze,Singapore
CUST_00593,2025-09-14,40,F,Bronze,Malaysia
CUST_00594,2025-04-08,46,M,Silver,Singapore
CUST_00595,2025-03-18,60,F,Bronze,Hong Kong
CUST_00596,2023-10-22,28,M,Bronze,Singapore
CUST_00597,2023-08-10,35,F,Bronze,Singapore
CUST_00598,2024-01-30,64,F,Gold,Singapore
CUST_00599,2024-11-11,29,F,Bronze,Singapore
CUST_00600,2025-06-21,26,F,Bronze,Singapore
CUST_00601,2023-08-21,27,F,Bronze,Singapore
CUST_00602,2023-01-04,61,M,Bronze,Singapore
CUST_00603,2023-03-17,34,F,Bronze,Singapore
CUST_00604,2023-11-15,55,M,Bronze,Malaysia
CUST_00605,2023-10-16,24,F,Silver,Singapore
CUST_00606,2025-09-01,63,F,Bronze,Malaysia
CUST_00607,2025-08-14,30,F,Silver,Singapore
CUST_00608,2025-04-15,57,F,Gold,Singapore
CUST_00609,2023-12-11,59,F,Bronze,Singapore
CUST_00610,2023-05-13,26,F,Bronze,Singapore
CUST_00611,2025-08-20,44,F,Bronze,Singapore
CUST_00612,2024-06-10,19,M,Bronze,Malaysia
CUST_00613,2024-03-02,22,M,Bronze,Malaysia
CUST_00614,2025-07-14,46,M,Gold,Singapore
CUST_00615,2024-01-16,54,M,Silver,Singapore
CUST_00616,2023-04-22,55,F,Bronze,Malaysia
CUST_00617,2023-01-04,36,M,Bronze,Singapore
CUST_00618,2023-03-10,25,Other,Silver,Malaysia
CUST_00619,2025-11-30,62,M,Gold,Malaysia
CUST_00620,2024-12-30,18,M,Silver,Malaysia
CUST_00621,2025-10-23,39,F,Bronze,Singapore
CUST_00622,2025-08-07,34,F,Bronze,Singapore
CUST_00623,2023-12-29,24,F,Bronze,Singapore
CUST_00624,2023-12-20,42,F,Bronze,Singapore
CUST_00625,2025-11-04,62,F,Bronze,Malaysia
CUST_00626,2023-08-30,21,M,Bronze,Singapore
CUST_00627,2024-05-09,53,Other,Bronze,Singapore
CUST_00628,2024-12-05,23,Other,Bronze,Malaysia
CUST_00629,2024-05-21,48,F,Bronze,Malaysia
CUST_00630,2025-11-03,36,M,Bronze,Hong Kong
CUST_00631,2025-06-15,61,F,Bronze,Malaysia
CUST_00632,2025-11-04,56,M,Bronze,Singapore
CUST_00633,2023-11-22,44,M,Bronze,Singapore
CUST_00634,2023-03-27,27,M,Silver,Malaysia
CUST_00635,2024-06-23,43,F,Bronze,Singapore
CUST_00636,2024-11-06,36,F,Bronze,Singapore
CUST_00637,2024-07-04,56,F,Bronze,Singapore
CUST_00638,2024-01-25,20,F,Gold,Singapore
CUST_00639,2023-02-19,62,M,Bronze,Malaysia
CUST_00640,2025-06-23,30,M,Bronze,Singapore
CUST_00641,2023-07-14,45,M,Bronze,Singapore
CUST_00642,2025-06-04,37,Other,Bronze,Singapore
CUST_00643,2025-02-02,45,M,Bronze,Singapore
CUST_00644,2024-02-17,25,F,Bronze,Singapore
CUST_00645,2024-06-07,58,F,Gold,Singapore
CUST_00646,2025-11-02,56,M,Bronze,Hong Kong
CUST_00647,2024-12-01,18,F,Silver,Singapore
CUST_00648,2025-11-30,20,F,Silver,Singapore
CUST_00649,2024-05-23,30,F,Bronze,Singapore
CUST_00650,2025-12-08,45,F,Gold,Singapore
CUST_00651,2025-02-24,42,M,Bronze,Singapore
CUST_00652,2024-09-30,50,M,Bronze,Malaysia
CUST_00653,2023-11-04,55,F,Bronze,Singapore
CUST_00654,2025-11-13,23,F,Bronze,Malaysia
CUST_00655,2024-08-02,61,M,Bronze,Singapore
CUST_00656,2023-01-17,62,F,Bronze,Singapore
CUST_00657,2023-02-11,49,F,Bronze,Singapore
CUST_00658,2023-04-28,62,F,Bronze,Hong Kong
CUST_00659,2024-01-04,64,M,Bronze,Singapore
CUST_00660,2024-03-10,38,F,Bronze,Singapore
CUST_00661,2025-05-03,33,F,Bronze,Singapore
CUST_00662,2023-06-20,38,M,Bronze,Singapore
CUST_00663,2024-05-28,28,M,Silver,Singapore
CUST_00664,2023-05-31,54,Other,Bronze,Singapore
CUST_00665,2024-02-06,53,M,Silver,Singapore
CUST_00666,2023-09-22,52,F,Bronze,Singapore
CUST_00667,2025-01-20,36,F,Bronze,Singapore
CUST_00668,2025-01-27,37,M,Bronze,Malaysia
CUST_00669,2024-01-27,35,F,Bronze,Malaysia
CUST_00670,2025-04-07,64,M,Bronze,Malaysia
CUST_00671,2025-07-11,58,F,Silver,Singapore
CUST_00672,2024-04-03,31,M,Bronze,Singapore
CUST_00673,2024-01-08,32,F,Silver,Singapore
CUST_00674,2023-12-02,48,M,Silver,Singapore
CUST_00675,2024-02-25,18,M,Silver,Singapore
CUST_00676,2024-07-08,20,Other,Gold,Singapore
CUST_00677,2025-06-25,33,M,Bronze,Singapore
CUST_00678,2025-08-16,40,F,Bronze,Singapore
CUST_00679,2023-10-08,28,M,Bronze,Malaysia
CUST_00680,2024-07-26,29,F,Bronze,Singapore
CUST_00681,2024-11-03,27,M,Bronze,Singapore
CUST_00682,2024-06-23,49,Other,Silver,Singapore
CUST_00683,2023-05-22,33,F,Bronze,Singapore
CUST_00684,2025-11-07,25,M,Bronze,Singapore
CUST_00685,2023-10-13,55,M,Bronze,Malaysia
CUST_00686,2025-11-21,29,M,Bronze,Malaysia
CUST_00687,2023-03-11,41,F,Bronze,Singapore
CUST_00688,2025-07-14,45,M,Silver,Hong Kong
CUST_00689,2023-09-16,25,F,Bronze,Hong Kong
CUST_00690,2025-10-26,45,M,Bronze,Malaysia
CUST_00691,2024-09-09,53,M,Bronze,Malaysia
CUST_00692,2025-08-25,43,F,Bronze,Singapore
CUST_00693,2023-12-19,25,F,Bronze,Singapore
CUST_00694,2023-06-10,45,M,Bronze,Singapore
CUST_00695,2023-11-26,45,M,Bronze,Singapore
CUST_00696,2023-04-21,54,M,Bronze,Hong Kong
CUST_00697,2024-06-08,58,F,Bronze,Singapore
CUST_00698,2025-04-09,53,F,Bronze,Malaysia
CUST_00699,2025-11-03,44,F,Bronze,Malaysia
CUST_00700,2024-04-26,34,F,Bronze,Malaysia
CUST_00701,2024-01-23,26,F,Bronze,Hong Kong
CUST_00702,2023-08-27,50,F,Gold,Singapore
CUST_00703,2025-03-15,37,F,Bronze,Singapore
CUST_00704,2024-12-25,30,M,Bronze,Singapore
CUST_00705,2023-04-10,45,M,Bronze,Singapore
CUST_00706,2024-01-01,46,M,Bronze,Singapore
CUST_00707,2024-10-10,30,M,Bronze,Singapore
CUST_00708,2024-06-13,63,F,Bronze,Malaysia
CUST_00709,2025-04-30,52,F,Gold,Singapore
CUST_00710,2023-07-30,23,M,Bronze,Singapore
CUST_00711,2023-11-20,35,M,Bronze,Singapore
CUST_00712,2024-05-17,22,F,Bronze,Singapore
CUST_00713,2022-12-17,64,F,Bronze,Singapore
CUST_00714,2025-08-13,42,M,Bronze,Malaysia
CUST_00715,2024-05-15,19,F,Bronze,Singapore
CUST_00716,2023-08-30,27,M,Silver,Malaysia
CUST_00717,2025-06-01,47,M,Bronze,Singapore
CUST_00718,2024-03-16,62,Other,Bronze,Malaysia
CUST_00719,2024-09-02,22,Other,Gold,Singapore
CUST_00720,2025-07-21,50,M,Bronze,Singapore
CUST_00721,2024-12-18,18,Other,Gold,Singapore
CUST_00722,2024-01-02,35,F,Bronze,Malaysia
CUST_00723,2025-03-10,49,F,Silver,Singapore
CUST_00724,2025-09-27,64,F,Bronze,Singapore
CUST_00725,2024-12-31,28,F,Silver,Hong Kong
CUST_00726,2023-02-12,38,F,Gold,Malaysia
CUST_00727,2025-03-12,43,F,Bronze,Singapore
CUST_00728,2025-11-18,42,M,Gold,Malaysia
CUST_00729,2025-06-25,39,M,Bronze,Singapore
CUST_00730,2025-07-13,44,M,Bronze,Singapore
CUST_00731,2023-08-06,30,F,Bronze,Singapore
CUST_00732,2025-08-17,50,M,Bronze,Hong Kong
CUST_00733,2025-09-27,51,F,Bronze,Hong Kong
CUST_00734,2022-12-29,58,Other,Bronze,Singapore
CUST_00735,2025-12-03,52,M,Bronze,Singapore
CUST_00736,2025-07-05,18,F,Silver,Singapore
CUST_00737,2024-12-25,38,M,Silver,Hong Kong
CUST_00738,2023-02-16,23,F,Bronze,Hong Kong
CUST_00739,2023-02-13,45,M,Bronze,Singapore
CUST_00740,2025-08-16,34,F,Bronze,Malaysia
CUST_00741,2024-11-02,22,F,Bronze,Malaysia
CUST_00742,2022-12-27,48,F,Bronze,Singapore
CUST_00743,2024-04-09,22,F,Bronze,Singapore
CUST_00744,2024-10-23,55,F,Bronze,Singapore
CUST_00745,2024-01-22,20,F,Gold,Singapore
CUST_00746,2024-08-13,40,F,Bronze,Singapore
CUST_00747,2024-09-27,54,F,Bronze,Singapore
CUST_00748,2024-04-27,54,M,Bronze,Hong Kong
CUST_00749,2023-10-03,27,F,Bronze,Singapore
CUST_00750,2024-02-24,27,F,Bronze,Singapore
CUST_00751,2025-04-16,36,F,Bronze,Singapore
CUST_00752,2024-05-21,34,M,Bronze,Singapore
CUST_00753,2023-10-25,38,F,Bronze,Singapore
CUST_00754,2022-12-30,31,M,Gold,Singapore
CUST_00755,2025-11-05,26,F,Silver,Singapore
CUST_00756,2025-08-08,63,M,Bronze,Singapore
CUST_00757,2024-09-01,18,F,Bronze,Singapore
CUST_00758,2024-01-12,62,Other,Bronze,Singapore
CUST_00759,2024-10-23,30,M,Bronze,Malaysia
CUST_00760,2024-07-28,21,Other,Bronze,Singapore
CUST_00761,2025-04-23,18,M,Bronze,Singapore
CUST_00762,2023-06-21,57,F,Bronze,Malaysia
CUST_00763,2024-02-04,49,F,Bronze,Singapore
CUST_00764,2024-04-08,51,F,Bronze,Singapore
CUST_00765,2022-12-15,45,F,Gold,Malaysia
CUST_00766,2024-08-26,48,F,Gold,Singapore
CUST_00767,2025-01-02,25,M,Silver,Singapore
CUST_00768,2023-01-15,56,M,Bronze,Malaysia
CUST_00769,2024-05-09,43,F,Silver,Malaysia
CUST_00770,2024-04-02,51,F,Bronze,Hong Kong
CUST_00771,2025-11-23,20,F,Silver,Singapore
CUST_00772,2025-03-07,29,F,Bronze,Singapore
CUST_00773,2024-12-15,18,M,Silver,Singapore
CUST_00774,2025-07-13,61,F,Bronze,Singapore
CUST_00775,2025-07-17,22,M,Silver,Singapore
CUST_00776,2023-07-01,47,F,Gold,Singapore
CUST_00777,2024-01-21,47,M,Bronze,Hong Kong
CUST_00778,2024-09-10,34,M,Bronze,Singapore
CUST_00779,2024-01-15,64,M,Gold,Singapore
CUST_00780,2023-05-16,40,M,Bronze,Singapore
CUST_00781,2023-04-23,32,F,Silver,Singapore
CUST_00782,2023-10-02,54,M,Bronze,Singapore
CUST_00783,2025-06-29,38,M,Bronze,Singapore
CUST_00784,2024-10-13,31,M,Bronze,Singapore
CUST_00785,2025-11-06,19,M,Bronze,Singapore
CUST_00786,2025-10-09,28,M,Silver,Malaysia
CUST_00787,2023-03-25,56,M,Bronze,Malaysia
CUST_00788,2023-03-22,55,F,Bronze,Singapore
CUST_00789,2025-05-27,51,F,Bronze,Singapore
CUST_00790,2025-11-09,55,F,Bronze,Malaysia
CUST_00791,2024-07-28,51,F,Silver,Malaysia
CUST_00792,2025-07-23,35,M,Gold,Singapore
CUST_00793,2024-02-20,47,F,Bronze,Malaysia
CUST_00794,2023-06-20,32,F,Silver,Singapore
CUST_00795,2025-02-13,44,F,Silver,Malaysia
CUST_00796,2025-10-27,51,M,Bronze,Hong Kong
CUST_00797,2025-12-10,55,M,Gold,Singapore
CUST_00798,2025-06-08,50,M,Bronze,Malaysia
CUST_00799,2024-10-07,41,M,Bronze,Singapore
CUST_00800,2023-03-13,32,F,Silver,Hong Kong
CUST_00801,2023-10-22,47,F,Bronze,Singapore
CUST_00802,2025-12-08,59,F,Silver,Malaysia
CUST_00803,2024-04-13,34,F,Silver,Singapore
CUST_00804,2024-10-13,22,F,Bronze,Singapore
CUST_00805,2023-03-30,46,F,Silver,Singapore
CUST_00806,2025-05-07,21,Other,Bronze,Hong Kong
CUST_00807,2024-05-07,27,M,Bronze,Malaysia
CUST_00808,2023-10-18,34,M,Bronze,Malaysia
CUST_00809,2025-09-20,27,M,Gold,Hong Kong
CUST_00810,2024-10-05,34,F,Bronze,Singapore
CUST_00811,2024-02-28,37,F,Bronze,Singapore
CUST_00812,2025-01-02,41,M,Bronze,Singapore
CUST_00813,2025-01-21,22,F,Silver,Singapore
CUST_00814,2023-09-16,51,M,Bronze,Singapore
CUST_00815,2024-02-20,23,F,Bronze,Singapore
CUST_00816,2023-01-07,19,M,Bronze,Singapore
CUST_00817,2023-07-25,30,M,Bronze,Singapore
CUST_00818,2024-08-09,60,F,Silver,Singapore
CUST_00819,2024-06-23,60,M,Bronze,Singapore
CUST_00820,2025-08-16,28,M,Bronze,Hong Kong
CUST_00821,2025-07-03,64,M,Gold,Malaysia
CUST_00822,2025-01-14,40,F,Bronze,Hong Kong
CUST_00823,2023-03-01,33,F,Gold,Singapore
CUST_00824,2024-12-09,48,M,Bronze,Singapore
CUST_00825,2025-07-13,28,F,Silver,Malaysia
CUST_00826,2024-03-26,33,F,Bronze,Singapore
CUST_00827,2024-02-18,25,M,Bronze,Singapore
CUST_00828,2022-12-17,21,M,Silver,Singapore
CUST_00829,2025-04-20,57,M,Silver,Singapore
CUST_00830,2024-02-02,21,M,Silver,Singapore
CUST_00831,2023-06-06,42,F,Bronze,Singapore
CUST_00832,2024-05-10,20,M,Silver,Singapore
CUST_00833,2025-08-04,49,F,Silver,Singapore
CUST_00834,2025-01-01,20,F,Bronze,Singapore
CUST_00835,2024-05-04,44,M,Silver,Malaysia
CUST_00836,2023-09-06,46,F,Silver,Singapore
CUST_00837,2023-06-29,49,M,Bronze,Singapore
CUST_00838,2023-12-11,36,Other,Bronze,Malaysia
CUST_00839,2023-12-25,38,F,Bronze,Singapore
CUST_00840,2025-02-06,22,F,Bronze,Singapore
CUST_00841,2025-09-06,35,F,Bronze,Singapore
CUST_00842,2024-09-01,45,M,Bronze,Singapore
CUST_00843,2023-06-20,59,F,Bronze,Singapore
CUST_00844,2024-09-05,39,Other,Bronze,Malaysia
CUST_00845,2025-05-09,38,F,Bronze,Singapore
CUST_00846,2025-03-13,23,F,Silver,Singapore
CUST_00847,2024-01-09,18,F,Gold,Singapore
CUST_00848,2023-05-07,22,M,Bronze,Singapore
CUST_00849,2024-06-15,58,M,Gold,Singapore
CUST_00850,2024-03-14,29,F,Bronze,Singapore
CUST_00851,2024-03-11,43,M,Bronze,Singapore
CUST_00852,2025-10-23,63,F,Bronze,Singapore
CUST_00853,2024-10-13,51,F,Bronze,Singapore
CUST_00854,2025-04-30,31,M,Silver,Singapore
CUST_00855,2023-11-16,43,M,Silver,Malaysia
CUST_00856,2023-09-04,62,F,Bronze,Singapore
CUST_00857,2024-12-07,44,M,Bronze,Singapore
CUST_00858,2025-08-20,26,F,Bronze,Singapore
CUST_00859,2023-02-13,43,M,Bronze,Malaysia
CUST_00860,2023-08-06,64,F,Bronze,Singapore
CUST_00861,2023-06-28,39,M,Bronze,Singapore
CUST_00862,2023-05-29,64,F,Silver,Malaysia
CUST_00863,2024-12-18,47,F,Gold,Malaysia
CUST_00864,2024-06-02,60,F,Bronze,Singapore
CUST_00865,2023-12-15,34,M,Gold,Singapore
CUST_00866,2023-08-02,43,F,Bronze,Malaysia
CUST_00867,2025-01-28,53,F,Bronze,Hong Kong
CUST_00868,2023-11-02,18,M,Bronze,Malaysia
CUST_00869,2025-02-19,25,M,Bronze,Singapore
CUST_00870,2025-01-22,52,M,Gold,Singapore
CUST_00871,2024-04-22,32,F,Bronze,Singapore
CUST_00872,2023-10-08,64,F,Bronze,Malaysia
CUST_00873,2023-10-15,39,F,Bronze,Singapore
CUST_00874,2023-12-31,31,M,Bronze,Singapore
CUST_00875,2023-05-04,43,M,Silver,Malaysia
CUST_00876,2023-04-02,45,F,Bronze,Singapore
CUST_00877,2025-08-30,40,F,Bronze,Malaysia
CUST_00878,2023-06-22,31,Other,Bronze,Singapore
CUST_00879,2023-03-09,41,M,Bronze,Singapore
CUST_00880,2025-06-17,19,F,Bronze,Singapore
CUST_00881,2025-05-01,62,M,Bronze,Malaysia
CUST_00882,2024-07-05,43,M,Bronze,Singapore
CUST_00883,2023-06-20,31,F,Silver,Singapore
CUST_00884,2025-11-11,24,F,Silver,Hong Kong
CUST_00885,2023-05-18,20,Other,Silver,Singapore
CUST_00886,2025-04-30,64,M,Bronze,Singapore
CUST_00887,2024-12-11,40,M,Bronze,Singapore
CUST_00888,2025-06-25,63,F,Bronze,Singapore
CUST_00889,2023-04-23,60,F,Silver,Singapore
CUST_00890,2024-04-12,64,M,Bronze,Singapore
CUST_00891,2024-11-12,62,M,Bronze,Singapore
CUST_00892,2023-12-12,35,M,Bronze,Singapore
CUST_00893,2024-08-06,55,F,Bronze,Singapore
CUST_00894,2023-05-07,52,M,Bronze,Singapore
CUST_00895,2023-07-27,32,M,Bronze,Singapore
CUST_00896,2024-09-14,42,M,Silver,Singapore
CUST_00897,2024-06-05,54,M,Bronze,Singapore
CUST_00898,2023-11-27,45,M,Bronze,Singapore
CUST_00899,2024-12-10,27,F,Bronze,Singapore
CUST_00900,2023-11-11,56,M,Bronze,Malaysia
CUST_00901,2024-06-23,34,F,Bronze,Singapore
CUST_00902,2024-11-30,56,M,Silver,Hong Kong
CUST_00903,2024-05-11,39,F,Bronze,Hong Kong
CUST_00904,2024-06-09,43,F,Silver,Singapore
CUST_00905,2025-12-03,61,F,Bronze,Singapore
CUST_00906,2025-10-08,42,F,Bronze,Singapore
CUST_00907,2023-02-26,34,M,Silver,Malaysia
CUST_00908,2025-10-30,30,M,Bronze,Singapore
CUST_00909,2024-11-23,37,F,Bronze,Singapore
CUST_00910,2025-03-15,42,Other,Bronze,Singapore
CUST_00911,2025-04-20,21,F,Bronze,Malaysia
CUST_00912,2024-04-28,27,F,Silver,Malaysia
CUST_00913,2024-05-27,20,F,Bronze,Singapore
CUST_00914,2024-02-22,58,F,Silver,Singapore
CUST_00915,2025-10-18,62,M,Silver,Singapore
CUST_00916,2025-01-03,35,F,Bronze,Singapore
CUST_00917,2024-07-14,64,Other,Gold,Malaysia
CUST_00918,2023-03-15,53,M,Bronze,Singapore
CUST_00919,2024-06-13,64,F,Gold,Singapore
CUST_00920,2023-12-01,39,M,Bronze,Singapore
CUST_00921,2025-09-28,51,F,Bronze,Malaysia
CUST_00922,2024-04-25,64,M,Bronze,Malaysia
CUST_00923,2025-05-13,25,F,Bronze,Singapore
CUST_00924,2023-05-08,57,F,Bronze,Malaysia
CUST_00925,2025-09-28,61,M,Silver,Singapore
CUST_00926,2024-03-29,36,F,Bronze,Singapore
CUST_00927,2024-08-08,59,F,Bronze,Singapore
CUST_00928,2025-01-21,58,F,Silver,Singapore
CUST_00929,2025-01-08,54,M,Bronze,Singapore
CUST_00930,2024-06-05,23,M,Gold,Hong Kong
CUST_00931,2023-04-10,43,M,Silver,Singapore
CUST_00932,2024-06-18,51,Other,Gold,Singapore
CUST_00933,2025-09-01,62,F,Silver,Singapore
CUST_00934,2023-07-01,23,F,Bronze,Singapore
CUST_00935,2025-08-21,54,F,Bronze,Hong Kong
CUST_00936,2024-11-19,50,F,Silver,Singapore
CUST_00937,2025-10-23,39,F,Bronze,Singapore
CUST_00938,2025-05-15,38,M,Bronze,Malaysia
CUST_00939,2023-02-02,23,F,Bronze,Singapore
CUST_00940,2024-09-14,23,M,Gold,Singapore
CUST_00941,2025-08-19,21,F,Bronze,Singapore
CUST_00942,2024-09-17,47,F,Bronze,Singapore
CUST_00943,2023-05-19,28,F,Bronze,Hong Kong
CUST_00944,2025-05-17,47,M,Bronze,Malaysia
CUST_00945,2024-02-29,48,M,Bronze,Singapore
CUST_00946,2023-08-06,41,M,Bronze,Malaysia
CUST_00947,2024-11-20,26,M,Bronze,Singapore
CUST_00948,2023-01-26,20,M,Silver,Singapore
CUST_00949,2025-05-05,48,F,Bronze,Singapore
CUST_00950,2023-10-09,57,F,Silver,Singapore
CUST_00951,2023-08-13,54,M,Silver,Singapore
CUST_00952,2024-10-23,53,M,Bronze,Singapore
CUST_00953,2024-12-16,41,M,Bronze,Hong Kong
CUST_00954,2024-05-15,48,F,Bronze,Singapore
CUST_00955,2025-11-18,23,F,Silver,Singapore
CUST_00956,2024-04-18,19,F,Bronze,Singapore
CUST_00957,2023-09-21,37,F,Bronze,Singapore
CUST_00958,2023-02-22,45,Other,Bronze,Singapore
CUST_00959,2024-10-22,28,F,Bronze,Singapore
CUST_00960,2023-08-04,21,M,Bronze,Malaysia
CUST_00961,2025-06-01,32,F,Bronze,Singapore
CUST_00962,2024-04-11,23,M,Silver,Singapore
CUST_00963,2025-08-07,47,F,Bronze,Singapore
CUST_00964,2024-12-23,55,M,Bronze,Singapore
CUST_00965,2024-10-10,19,F,Bronze,Singapore
CUST_00966,2023-08-20,32,F,Silver,Malaysia
CUST_00967,2024-10-08,28,F,Bronze,Singapore
CUST_00968,2024-02-13,25,F,Silver,Singapore
CUST_00969,2025-09-11,43,M,Bronze,Singapore
CUST_00970,2024-02-27,62,M,Bronze,Singapore
CUST_00971,2023-07-07,61,M,Bronze,Singapore
CUST_00972,2023-01-20,22,M,Bronze,Malaysia
CUST_00973,2024-04-15,23,F,Bronze,Singapore
CUST_00974,2025-03-06,43,M,Bronze,Malaysia
CUST_00975,2024-09-26,21,Other,Silver,Singapore
CUST_00976,2024-05-11,36,F,Bronze,Malaysia
CUST_00977,2024-07-24,37,F,Bronze,Singapore
CUST_00978,2024-11-08,50,M,Bronze,Singapore
CUST_00979,2025-12-09,37,F,Bronze,Singapore
CUST_00980,2024-08-14,29,F,Bronze,Hong Kong
CUST_00981,2023-08-21,64,F,Bronze,Singapore
CUST_00982,2023-07-18,18,F,Bronze,Singapore
CUST_00983,2023-04-22,43,F,Bronze,Singapore
CUST_00984,2024-08-15,31,M,Bronze,Malaysia
CUST_00985,2025-03-09,55,F,Bronze,Singapore
CUST_00986,2025-07-13,54,M,Bronze,Malaysia
CUST_00987,2023-10-27,28,M,Bronze,Singapore
CUST_00988,2024-06-13,53,M,Gold,Singapore
CUST_00989,2025-10-26,30,M,Bronze,Singapore
CUST_00990,2022-12-30,60,M,Bronze,Hong Kong
CUST_00991,2025-01-03,20,M,Bronze,Singapore
CUST_00992,2023-08-29,50,Other,Silver,Hong Kong
CUST_00993,2023-04-11,23,F,Silver,Singapore
CUST_00994,2025-06-14,27,Other,Bronze,Singapore
CUST_00995,2025-02-09,22,M,Gold,Singapore
CUST_00996,2025-04-14,40,M,Bronze,Singapore
CUST_00997,2025-07-11,27,F,Bronze,Malaysia
CUST_00998,2025-06-26,61,M,Silver,Hong Kong
CUST_00999,2025-05-16,19,M,Silver,Malaysia
